ticker,name,kind,quote_currency,as_of
^N225,Nikkei 225,index,JPY,2026-09-24
1332.T,NISSUI CORPORATION,equity,JPY,2026-09-24
1605.T,INPEX CORPORATION,equity,JPY,2026-09-24
1721.T,COMSYS HOLDINGS CORP,equity,JPY,2026-09-24
1801.T,TAISEI CORP,equity,JPY,2026-09-24
1802.T,OBAYASHI CORP,equity,JPY,2026-09-24
1803.T,SHIMIZU CORP,equity,JPY,2026-09-24
1808.T,HASEKO CORPORATION,equity,JPY,2026-09-24
1812.T,KAJIMA CORP,equity,JPY,2026-09-24
1925.T,DAIWA HOUSE INDUSTRY CO,equity,JPY,2026-09-24
1928.T,SEKISUI HOUSE,equity,JPY,2026-09-24
1963.T,JGC HOLDINGS CORPORATION,equity,JPY,2026-09-24
2002.T,NISSHIN SEIFUN GROUP INC,equity,JPY,2026-09-24
2269.T,MEIJI HOLDINGS CO LTD,equity,JPY,2026-09-24
2282.T,NH FOODS LTD,equity,JPY,2026-09-24
2413.T,M3 INC,equity,JPY,2026-09-24
2432.T,DENA CO LTD,equity,JPY,2026-09-24
2501.T,SAPPORO BREWERIES LTD,equity,JPY,2026-09-24
2502.T,ASAHI GROUP HLDGS,equity,JPY,2026-09-24
2503.T,KIRIN HOLDINGS COMPANY LIMITED,equity,JPY,2026-09-24
2768.T,SOJITZ CORPORATION,equity,JPY,2026-09-24
2801.T,KIKKOMAN CORP,equity,JPY,2026-09-24
2802.T,AJINOMOTO CO INC,equity,JPY,2026-09-24
285A.T,KIOXIA HOLDINGS CORPORATION,equity,JPY,2026-09-24
2871.T,NICHIREI CORP,equity,JPY,2026-09-24
2914.T,JAPAN TOBACCO INC,equity,JPY,2026-09-24
3086.T,J FRONT RETAILING CO LTD,equity,JPY,2026-09-24
3092.T,ZOZO INC,equity,JPY,2026-09-24
3099.T,ISETAN MITSUKOSHI HOLDINGS LTD,equity,JPY,2026-09-24
3289.T,TOKYU FUDOSAN HOLDINGS CORPORAT,equity,JPY,2026-09-24
3382.T,SEVEN & I HOLDINGS CO LTD,equity,JPY,2026-09-24
3401.T,TEIJIN LTD,equity,JPY,2026-09-24
3402.T,TORAY INDUSTRIES INC,equity,JPY,2026-09-24
3405.T,KURARAY CO,equity,JPY,2026-09-24
3407.T,ASAHI KASEI CORP,equity,JPY,2026-09-24
3436.T,SUMCO CORPORATION,equity,JPY,2026-09-24
3659.T,NEXON CO LTD,equity,JPY,2026-09-24
3697.T,SHIFT INC,equity,JPY,2026-09-24
3861.T,OJI HOLDINGS CORP,equity,JPY,2026-09-24
4004.T,RESONAC HOLDINGS CORPORATION,equity,JPY,2026-09-24
4005.T,SUMITOMO CHEMICAL COMPANY,equity,JPY,2026-09-24
4021.T,NISSAN CHEMICAL CORPORATION,equity,JPY,2026-09-24
4042.T,TOSOH CORP,equity,JPY,2026-09-24
4043.T,TOKUYAMA CORP,equity,JPY,2026-09-24
4061.T,DENKA COMPANY LIMITED,equity,JPY,2026-09-24
4062.T,IBIDEN CO LTD,equity,JPY,2026-09-24
4063.T,SHIN-ETSU CHEMICAL CO,equity,JPY,2026-09-24
4151.T,KYOWA KIRIN CO LTD,equity,JPY,2026-09-24
4183.T,MITSUI CHEMICALS INC,equity,JPY,2026-09-24
4188.T,MITSUBISHI CHEMICAL GROUP CORP,equity,JPY,2026-09-24
4208.T,UBE CORPORATION,equity,JPY,2026-09-24
4307.T,NOMURA RESEARCH INSTITUTE,equity,JPY,2026-09-24
4324.T,DENTSU GROUP INC,equity,JPY,2026-09-24
4385.T,MERCARI INC,equity,JPY,2026-09-24
4452.T,KAO CORP,equity,JPY,2026-09-24
4502.T,TAKEDA PHARMACEUTICAL CO LTD,equity,JPY,2026-09-24
4503.T,ASTELLAS PHARMA,equity,JPY,2026-09-24
4506.T,SUMITOMO PHARMA CO LTD,equity,JPY,2026-09-24
4507.T,SHIONOGI & CO,equity,JPY,2026-09-24
4519.T,CHUGAI PHARMACEUTICAL CO,equity,JPY,2026-09-24
4523.T,EISAI CO LTD,equity,JPY,2026-09-24
4543.T,TERUMO CORP,equity,JPY,2026-09-24
4568.T,DAIICHI SANKYO COMPANY LIMITED,equity,JPY,2026-09-24
4578.T,OTSUKA HLDGS CO LTD,equity,JPY,2026-09-24
4661.T,ORIENTAL LAND CO,equity,JPY,2026-09-24
4689.T,LY CORPORATION,equity,JPY,2026-09-24
4704.T,TREND MICRO INC,equity,JPY,2026-09-24
4751.T,CYBER AGENT,equity,JPY,2026-09-24
4755.T,RAKUTEN GROUP INC,equity,JPY,2026-09-24
4901.T,FUJIFILM HOLDINGS CORPORATION,equity,JPY,2026-09-24
4902.T,KONICA MINOLTA INC,equity,JPY,2026-09-24
4911.T,SHISEIDO COMPANY LIMITED,equity,JPY,2026-09-24
5019.T,IDEMITSU KOSAN CO.LTD,equity,JPY,2026-09-24
5020.T,ENEOS HOLDINGS INC,equity,JPY,2026-09-24
5101.T,YOKOHAMA RUBBER CO,equity,JPY,2026-09-24
5108.T,BRIDGESTONE CORP,equity,JPY,2026-09-24
5201.T,AGC INC,equity,JPY,2026-09-24
5214.T,NIPPON ELECTRIC GLASS,equity,JPY,2026-09-24
5233.T,TAIHEIYO CEMENT CORP,equity,JPY,2026-09-24
5301.T,TOKAI CARBON CO,equity,JPY,2026-09-24
5332.T,TOTO LTD,equity,JPY,2026-09-24
5333.T,NGK CORP,equity,JPY,2026-09-24
5401.T,NIPPON STEEL CORPORATION,equity,JPY,2026-09-24
5406.T,KOBE STEEL,equity,JPY,2026-09-24
5411.T,JFE HOLDINGS INC,equity,JPY,2026-09-24
543A.T,ARCHION CORPORATION,equity,JPY,2026-09-24
5631.T,JAPAN STEEL WORKS,equity,JPY,2026-09-24
5706.T,MITSUI KINZOKU CO LTD,equity,JPY,2026-09-24
5711.T,MITSUBISHI MATERIALS CORP,equity,JPY,2026-09-24
5713.T,SUMITOMO METAL MINING CO,equity,JPY,2026-09-24
5714.T,DOWA HOLDINGS,equity,JPY,2026-09-24
5801.T,FURUKAWA ELECTRIC CO,equity,JPY,2026-09-24
5802.T,SUMITOMO ELECTRIC INDUSTRIES,equity,JPY,2026-09-24
5803.T,FUJIKURA,equity,JPY,2026-09-24
5831.T,SHIZUOKA FINANCIAL GROUP INC.,equity,JPY,2026-09-24
6098.T,RECRUIT HOLDINGS CO LTD,equity,JPY,2026-09-24
6103.T,OKUMA CORPORATION,equity,JPY,2026-09-24
6113.T,AMADA CO LTD,equity,JPY,2026-09-24
6146.T,DISCO CORPORATION,equity,JPY,2026-09-24
6178.T,JAPAN POST HLDGS CO LTD,equity,JPY,2026-09-24
6273.T,SMC CORP,equity,JPY,2026-09-24
6301.T,KOMATSU,equity,JPY,2026-09-24
6302.T,SUMITOMO HEAVY INDUSTRIES,equity,JPY,2026-09-24
6305.T,HITACHI CONSTRUCTION MACHINERY,equity,JPY,2026-09-24
6326.T,KUBOTA CORP,equity,JPY,2026-09-24
6361.T,EBARA CORP,equity,JPY,2026-09-24
6367.T,DAIKIN INDUSTRIES,equity,JPY,2026-09-24
6471.T,NSK,equity,JPY,2026-09-24
6472.T,NTN CORP,equity,JPY,2026-09-24
6473.T,JTEKT CORPORATION,equity,JPY,2026-09-24
6479.T,MINEBEA MITSUMI INC,equity,JPY,2026-09-24
6501.T,HITACHI,equity,JPY,2026-09-24
6503.T,MITSUBISHI ELECTRIC CORP,equity,JPY,2026-09-24
6504.T,FUJI ELECTRIC CO. LTD.,equity,JPY,2026-09-24
6506.T,YASKAWA ELECTRIC CORP,equity,JPY,2026-09-24
6526.T,SOCIONEXT INC,equity,JPY,2026-09-24
6532.T,BAYCURRENT INC,equity,JPY,2026-09-24
6645.T,OMRON CORP,equity,JPY,2026-09-24
6701.T,NEC CORP,equity,JPY,2026-09-24
6702.T,FUJITSU,equity,JPY,2026-09-24
6723.T,RENESAS ELECTRONICS CORP,equity,JPY,2026-09-24
6724.T,SEIKO EPSON CORP,equity,JPY,2026-09-24
6752.T,PANASONIC HOLDINGS CORP,equity,JPY,2026-09-24
6753.T,SHARP CORP,equity,JPY,2026-09-24
6758.T,SONY GROUP CORPORATION,equity,JPY,2026-09-24
6762.T,TDK CORP,equity,JPY,2026-09-24
6770.T,ALPS ALPINE CO LTD,equity,JPY,2026-09-24
6841.T,YOKOGAWA ELECTRIC CORP,equity,JPY,2026-09-24
6857.T,ADVANTEST CORP,equity,JPY,2026-09-24
6861.T,KEYENCE CORP,equity,JPY,2026-09-24
6902.T,DENSO CORP,equity,JPY,2026-09-24
6920.T,LASERTEC CORP,equity,JPY,2026-09-24
6954.T,FANUC CORPORATION,equity,JPY,2026-09-24
6963.T,ROHM CO LTD,equity,JPY,2026-09-24
6971.T,KYOCERA CORP,equity,JPY,2026-09-24
6976.T,TAIYO YUDEN CO LTD,equity,JPY,2026-09-24
6981.T,MURATA MANUFACTURING CO,equity,JPY,2026-09-24
6988.T,NITTO DENKO CORP,equity,JPY,2026-09-24
7004.T,KANADEVIA CORPORATION,equity,JPY,2026-09-24
7011.T,MITSUBISHI HEAVY INDUSTRIES,equity,JPY,2026-09-24
7012.T,KAWASAKI HEAVY INDUSTRIES,equity,JPY,2026-09-24
7013.T,IHI CORPORATION,equity,JPY,2026-09-24
7186.T,YOKOHAMA FINANCIAL GROUP INC,equity,JPY,2026-09-24
7201.T,NISSAN MOTOR CO,equity,JPY,2026-09-24
7202.T,ISUZU MOTORS,equity,JPY,2026-09-24
7203.T,TOYOTA MOTOR CORP,equity,JPY,2026-09-24
7211.T,MITSUBISHI MOTOR CORP,equity,JPY,2026-09-24
7261.T,MAZDA MOTOR CORP,equity,JPY,2026-09-24
7267.T,HONDA MOTOR CO,equity,JPY,2026-09-24
7269.T,SUZUKI MOTOR CORP,equity,JPY,2026-09-24
7270.T,SUBARU CORPORATION,equity,JPY,2026-09-24
7272.T,YAMAHA MOTOR CO,equity,JPY,2026-09-24
7453.T,RYOHIN KEIKAKU CO,equity,JPY,2026-09-24
7532.T,PAN PACIFIC INTL HLDGS CORP,equity,JPY,2026-09-24
7731.T,NIKON CORP,equity,JPY,2026-09-24
7733.T,OLYMPUS CORPORATION,equity,JPY,2026-09-24
7735.T,SCREEN HOLDINGS CO LTD,equity,JPY,2026-09-24
7741.T,HOYA CORP,equity,JPY,2026-09-24
7751.T,CANON INC,equity,JPY,2026-09-24
7752.T,RICOH CO,equity,JPY,2026-09-24
7832.T,BANDAI NAMCO HOLDINGS INC,equity,JPY,2026-09-24
7911.T,TOPPAN HOLDINGS INC,equity,JPY,2026-09-24
7912.T,DAI NIPPON PRINTING CO,equity,JPY,2026-09-24
7951.T,YAMAHA CORP,equity,JPY,2026-09-24
7974.T,NINTENDO CO LTD,equity,JPY,2026-09-24
8001.T,ITOCHU CORP,equity,JPY,2026-09-24
8002.T,MARUBENI CORP,equity,JPY,2026-09-24
8015.T,TOYOTA TSUSHO CORP,equity,JPY,2026-09-24
8031.T,MITSUI & CO,equity,JPY,2026-09-24
8035.T,TOKYO ELECTRON,equity,JPY,2026-09-24
8053.T,SUMITOMO CORP,equity,JPY,2026-09-24
8058.T,MITSUBISHI CORP,equity,JPY,2026-09-24
8233.T,TAKASHIMAYA CO,equity,JPY,2026-09-24
8252.T,MARUI GROUP CO LTD,equity,JPY,2026-09-24
8253.T,CREDIT SAISON CO,equity,JPY,2026-09-24
8267.T,AEON CO LTD,equity,JPY,2026-09-24
8304.T,AOZORA BANK,equity,JPY,2026-09-24
8306.T,MITSUBISHI UFJ FINANCIAL GROUP ,equity,JPY,2026-09-24
8308.T,RESONA HOLDINGS,equity,JPY,2026-09-24
8309.T,SUMITOMO MITSUI TRUST GP INC,equity,JPY,2026-09-24
8316.T,SUMITOMO MITSUI FINANCIAL GROUP,equity,JPY,2026-09-24
8331.T,CHIBA BANK,equity,JPY,2026-09-24
8354.T,FUKUOKA FINANCIAL GROUP INC.,equity,JPY,2026-09-24
8411.T,MIZUHO FINANCIAL GROUP,equity,JPY,2026-09-24
8591.T,ORIX CORPORATION,equity,JPY,2026-09-24
8601.T,DAIWA SECURITIES GROUP,equity,JPY,2026-09-24
8604.T,NOMURA HOLDINGS INC.,equity,JPY,2026-09-24
8630.T,SOMPO HOLDINGS INC,equity,JPY,2026-09-24
8697.T,JAPAN EXCHANGE GROUP,equity,JPY,2026-09-24
8725.T,MS&AD INS GP HLDGS,equity,JPY,2026-09-24
8750.T,DAIICHI LIFE GROUP INC,equity,JPY,2026-09-24
8766.T,TOKIO MARINE HOLDINGS INC,equity,JPY,2026-09-24
8795.T,T&D HOLDINGS INC,equity,JPY,2026-09-24
8801.T,MITSUI FUDOSAN,equity,JPY,2026-09-24
8802.T,MITSUBISHI ESTATE CO,equity,JPY,2026-09-24
8804.T,TOKYO TATEMONO CO,equity,JPY,2026-09-24
8830.T,SUMITOMO REALTY & DEVELOPMENT C,equity,JPY,2026-09-24
9001.T,TOBU RAILWAY CO,equity,JPY,2026-09-24
9005.T,TOKYU CORP,equity,JPY,2026-09-24
9007.T,ODAKYU ELECTRIC RAILWAY CO,equity,JPY,2026-09-24
9008.T,KEIO CORPORATION,equity,JPY,2026-09-24
9009.T,KEISEI ELECTRIC RAILWAY CO,equity,JPY,2026-09-24
9020.T,EAST JAPAN RAILWAY CO,equity,JPY,2026-09-24
9021.T,WEST JAPAN RAILWAY CO,equity,JPY,2026-09-24
9022.T,CENTRAL JAPAN RAILWAY CO,equity,JPY,2026-09-24
9064.T,YAMATO HOLDINGS CO LTD,equity,JPY,2026-09-24
9101.T,NIPPON YUSEN KABUSHIKI KAISHA,equity,JPY,2026-09-24
9104.T,MITSUI O.S.K. LINES LTD,equity,JPY,2026-09-24
9107.T,KAWASAKI KISEN KAISHA,equity,JPY,2026-09-24
9147.T,NIPPON EXPRESS HLDGS INC,equity,JPY,2026-09-24
9201.T,JAPAN AIRLINES CO LTD,equity,JPY,2026-09-24
9202.T,ANA HOLDINGS INC,equity,JPY,2026-09-24
9432.T,NTT INC,equity,JPY,2026-09-24
9433.T,KDDI CORPORATION,equity,JPY,2026-09-24
9434.T,SOFTBANK CORP.,equity,JPY,2026-09-24
9501.T,TOKYO ELEC POWER CO HLDGS INC,equity,JPY,2026-09-24
9502.T,CHUBU ELECTRIC POWER CO INC,equity,JPY,2026-09-24
9503.T,KANSAI ELECTRIC POWER CO INC,equity,JPY,2026-09-24
9531.T,TOKYO GAS CO,equity,JPY,2026-09-24
9532.T,OSAKA GAS CO,equity,JPY,2026-09-24
9602.T,TOHO CO LTD,equity,JPY,2026-09-24
9735.T,SECOM CO,equity,JPY,2026-09-24
9766.T,KONAMI GROUP CORPORATION,equity,JPY,2026-09-24
9843.T,NITORI HOLDINGS CO LTD,equity,JPY,2026-09-24
9983.T,FAST RETAILING CO LTD,equity,JPY,2026-09-24
9984.T,SOFTBANK GROUP CORP,equity,JPY,2026-09-24
